period, count
1998-06-24 00:14:00,23081.607
1998-06-24 00:15:00,23101.914
1998-06-24 00:16:00,22949.865
1998-06-24 00:17:00,22810.57
1998-06-24 00:18:00,22951.143
1998-06-24 00:19:00,22748.691
1998-06-24 00:20:00,22565.299
1998-06-24 00:21:00,22746.346
1998-06-24 00:22:00,23096.752
1998-06-24 00:23:00,23252.64
1998-06-24 00:24:00,23522.836
1998-06-24 00:25:00,24510.246
1998-06-24 00:26:00,24844.867
1998-06-24 00:27:00,24326.861
1998-06-24 00:28:00,23511.992
1998-06-24 00:29:00,23682.799
1998-06-24 00:30:00,24194.19
1998-06-24 00:31:00,23825.605
1998-06-24 00:32:00,23284.764
1998-06-24 00:33:00,23449.145
1998-06-24 00:34:00,22992.81
1998-06-24 00:35:00,23053.666
1998-06-24 00:36:00,23122.533
1998-06-24 00:37:00,23668.363
1998-06-24 00:38:00,23995.275
1998-06-24 00:39:00,24014.197
1998-06-24 00:40:00,23000.793
1998-06-24 00:41:00,22961.012
1998-06-24 00:42:00,23106.156
1998-06-24 00:43:00,23050.7
1998-06-24 00:44:00,22901.074
1998-06-24 00:45:00,22945.44
1998-06-24 00:46:00,22845.908
1998-06-24 00:47:00,22786.162
1998-06-24 00:48:00,23627.357
1998-06-24 00:49:00,24311.965
1998-06-24 00:50:00,23800.842
1998-06-24 00:51:00,22662.234
1998-06-24 00:52:00,21740.55
1998-06-24 00:53:00,21630.613
1998-06-24 00:54:00,21992.158
1998-06-24 00:55:00,21994.582
1998-06-24 00:56:00,22293.578
1998-06-24 00:57:00,22957.3
1998-06-24 00:58:00,23088.936
1998-06-24 00:59:00,22287.623
1998-06-24 01:00:00,21639.133
1998-06-24 01:01:00,21279.734
1998-06-24 01:02:00,21094.361
1998-06-24 01:03:00,21188.955
1998-06-24 01:04:00,21691.045
1998-06-24 01:05:00,21703.04
1998-06-24 01:06:00,21971.738
1998-06-24 01:07:00,21977.498
1998-06-24 01:08:00,21571.98
1998-06-24 01:09:00,21407.062
1998-06-24 01:10:00,21645.332
1998-06-24 01:11:00,21543.209
1998-06-24 01:12:00,20869.129
1998-06-24 01:13:00,21277.557
1998-06-24 01:14:00,20886.172
1998-06-24 01:15:00,20612.387
1998-06-24 01:16:00,20702.53
1998-06-24 01:17:00,20456.703
1998-06-24 01:18:00,20236.146
1998-06-24 01:19:00,20453.967
1998-06-24 01:20:00,20856.326
1998-06-24 01:21:00,20997.082
1998-06-24 01:22:00,20662.908
1998-06-24 01:23:00,20045.783
1998-06-24 01:24:00,19651.531
1998-06-24 01:25:00,19563.662
1998-06-24 01:26:00,19750.75
1998-06-24 01:27:00,19841.941
1998-06-24 01:28:00,19890.752
1998-06-24 01:29:00,20050.182
1998-06-24 01:30:00,20452.855
1998-06-24 01:31:00,20169.08
1998-06-24 01:32:00,19393.816
1998-06-24 01:33:00,18952.488
1998-06-24 01:34:00,18686.21
1998-06-24 01:35:00,18833.51
1998-06-24 01:36:00,18382.926
1998-06-24 01:37:00,18668.645
1998-06-24 01:38:00,19417.96
1998-06-24 01:39:00,20318.305
1998-06-24 01:40:00,19988.191
1998-06-24 01:41:00,19419.697
1998-06-24 01:42:00,18996.705
1998-06-24 01:43:00,18603.023
1998-06-24 01:44:00,18939.516
1998-06-24 01:45:00,18966.244
1998-06-24 01:46:00,19175.889
1998-06-24 01:47:00,18932.398
1998-06-24 01:48:00,18413.598
1998-06-24 01:49:00,18112.781
1998-06-24 01:50:00,18060.68
1998-06-24 01:51:00,18001.16
1998-06-24 01:52:00,18074.98
1998-06-24 01:53:00,18646.389
1998-06-24 01:54:00,18758.88
1998-06-24 01:55:00,18572.377
1998-06-24 01:56:00,18457.043
1998-06-24 01:57:00,18498.053
1998-06-24 01:58:00,17868.72
1998-06-24 01:59:00,17524.465
1998-06-24 02:00:00,17746.068
1998-06-24 02:01:00,17586.389
1998-06-24 02:02:00,17588.629
1998-06-24 02:03:00,17741.758
1998-06-24 02:04:00,17999.607
1998-06-24 02:05:00,18007.504
1998-06-24 02:06:00,18475.094
1998-06-24 02:07:00,18060.723
1998-06-24 02:08:00,18362.945
1998-06-24 02:09:00,18250.41
1998-06-24 02:10:00,18569.033
1998-06-24 02:11:00,18715.564
1998-06-24 02:12:00,19569.418
1998-06-24 02:13:00,19349.379
1998-06-24 02:14:00,18515.2
1998-06-24 02:15:00,18348.492
1998-06-24 02:16:00,17825.266
1998-06-24 02:17:00,17732.994
1998-06-24 02:18:00,18046.447
1998-06-24 02:19:00,17832.736
1998-06-24 02:20:00,17358.963
1998-06-24 02:21:00,16832.068
1998-06-24 02:22:00,16712.139
1998-06-24 02:23:00,17079.164
1998-06-24 02:24:00,17308.678
1998-06-24 02:25:00,17423.91
1998-06-24 02:26:00,17251.852
1998-06-24 02:27:00,17218.143
1998-06-24 02:28:00,17347.275
1998-06-24 02:29:00,17689.848
1998-06-24 02:30:00,17999.14
1998-06-24 02:31:00,18358.775
1998-06-24 02:32:00,18381.209
1998-06-24 02:33:00,18100.242
1998-06-24 02:34:00,17854.99
1998-06-24 02:35:00,17479.338
1998-06-24 02:36:00,17137.244
1998-06-24 02:37:00,17164.63
1998-06-24 02:38:00,17539.41
1998-06-24 02:39:00,17613.273
1998-06-24 02:40:00,17423.723
1998-06-24 02:41:00,17516.945
1998-06-24 02:42:00,17690.18
1998-06-24 02:43:00,17986.152
1998-06-24 02:44:00,18251.547
1998-06-24 02:45:00,17925.674
1998-06-24 02:46:00,17739.541
1998-06-24 02:47:00,17836.969
1998-06-24 02:48:00,17337.344
1998-06-24 02:49:00,16595.113
1998-06-24 02:50:00,16162.105
1998-06-24 02:51:00,17137.994
1998-06-24 02:52:00,17211.084
1998-06-24 02:53:00,17027.184
1998-06-24 02:54:00,16947.46
1998-06-24 02:55:00,16690.656
1998-06-24 02:56:00,16134.786
1998-06-24 02:57:00,16293.312
1998-06-24 02:58:00,16493.076
1998-06-24 02:59:00,16858.926
1998-06-24 03:00:00,16602.85
1998-06-24 03:01:00,16691.328
1998-06-24 03:02:00,16638.229
1998-06-24 03:03:00,17113.387
1998-06-24 03:04:00,17837.812
1998-06-24 03:05:00,18262.504
1998-06-24 03:06:00,18092.07
1998-06-24 03:07:00,17811.297
1998-06-24 03:08:00,17023.025
1998-06-24 03:09:00,16773.146
1998-06-24 03:10:00,16736.498
1998-06-24 03:11:00,16816.557
1998-06-24 03:12:00,16752.102
1998-06-24 03:13:00,16899.424
1998-06-24 03:14:00,16805.307
1998-06-24 03:15:00,17349.633
1998-06-24 03:16:00,17140.219
1998-06-24 03:17:00,16872.965
1998-06-24 03:18:00,16558.457
1998-06-24 03:19:00,16362.413
1998-06-24 03:20:00,15943.293
1998-06-24 03:21:00,16021.159
1998-06-24 03:22:00,15813.79
1998-06-24 03:23:00,15863.603
1998-06-24 03:24:00,16009.838
1998-06-24 03:25:00,16680.326
1998-06-24 03:26:00,17040.71
1998-06-24 03:27:00,16883.752
1998-06-24 03:28:00,16618.865
1998-06-24 03:29:00,16997.527
1998-06-24 03:30:00,17137.715
1998-06-24 03:31:00,16583.924
1998-06-24 03:32:00,16194.512
1998-06-24 03:33:00,15787.576
1998-06-24 03:34:00,15787.416
1998-06-24 03:35:00,15687.412
1998-06-24 03:36:00,15484.318
1998-06-24 03:37:00,15953.655
1998-06-24 03:38:00,16303.002
1998-06-24 03:39:00,16848.332
1998-06-24 03:40:00,17072.398
1998-06-24 03:41:00,17640.742
1998-06-24 03:42:00,17578.164
1998-06-24 03:43:00,17554.34
1998-06-24 03:44:00,17145.102
1998-06-24 03:45:00,16679.62
1998-06-24 03:46:00,16342.983
1998-06-24 03:47:00,16664.549
1998-06-24 03:48:00,17248.494
1998-06-24 03:49:00,17339.666
1998-06-24 03:50:00,17146.715
1998-06-24 03:51:00,17104.338
1998-06-24 03:52:00,16903.086
1998-06-24 03:53:00,16487.871
1998-06-24 03:54:00,16720.285
1998-06-24 03:55:00,17083.055
1998-06-24 03:56:00,17244.018
1998-06-24 03:57:00,16603.555
1998-06-24 03:58:00,16751.785
1998-06-24 03:59:00,16663.2
1998-06-24 04:00:00,17102.094
1998-06-24 04:01:00,17206.25
1998-06-24 04:02:00,16831.842
1998-06-24 04:03:00,16591.19
1998-06-24 04:04:00,16349.054
1998-06-24 04:05:00,16121.827
1998-06-24 04:06:00,15895.615
1998-06-24 04:07:00,15861.808
1998-06-24 04:08:00,15858.281
1998-06-24 04:09:00,15665.718
1998-06-24 04:10:00,15481.558
1998-06-24 04:11:00,15755.655
1998-06-24 04:12:00,15470.31
1998-06-24 04:13:00,15603.108
1998-06-24 04:14:00,15552.812
1998-06-24 04:15:00,15276.112
1998-06-24 04:16:00,14980.025
1998-06-24 04:17:00,14854.057
1998-06-24 04:18:00,14909.012
1998-06-24 04:19:00,14817.334
1998-06-24 04:20:00,14831.114
1998-06-24 04:21:00,15087.304
1998-06-24 04:22:00,15266.464
1998-06-24 04:23:00,15354.328
1998-06-24 04:24:00,15079.194
1998-06-24 04:25:00,15210.023
1998-06-24 04:26:00,15277.236
1998-06-24 04:27:00,14951.436
1998-06-24 04:28:00,14859.288
1998-06-24 04:29:00,14669.315
1998-06-24 04:30:00,14660.054
1998-06-24 04:31:00,14680.551
1998-06-24 04:32:00,15414.811
1998-06-24 04:33:00,15903.425
1998-06-24 04:34:00,15557.527
1998-06-24 04:35:00,15233.561
1998-06-24 04:36:00,15313.95
1998-06-24 04:37:00,15370.112
1998-06-24 04:38:00,15020.955
1998-06-24 04:39:00,14814.323
1998-06-24 04:40:00,14659.974
1998-06-24 04:41:00,14619.249
1998-06-24 04:42:00,14753.503
1998-06-24 04:43:00,14241.826
1998-06-24 04:44:00,13654.362
1998-06-24 04:45:00,13491.078
1998-06-24 04:46:00,13552.763
1998-06-24 04:47:00,13861.936
1998-06-24 04:48:00,14024.696
1998-06-24 04:49:00,13747.04
1998-06-24 04:50:00,13552.77
1998-06-24 04:51:00,13560.875
1998-06-24 04:52:00,13506.587
1998-06-24 04:53:00,13137.322
1998-06-24 04:54:00,13115.668
1998-06-24 04:55:00,13280.192
1998-06-24 04:56:00,13891.825
1998-06-24 04:57:00,14210.609
1998-06-24 04:58:00,14005.661
1998-06-24 04:59:00,13884.689
1998-06-24 05:00:00,13943.567
1998-06-24 05:01:00,14028.879
1998-06-24 05:02:00,14268.933
1998-06-24 05:03:00,14346.815
1998-06-24 05:04:00,14318.264
1998-06-24 05:05:00,14872.505
1998-06-24 05:06:00,15048.991
1998-06-24 05:07:00,15286.681
1998-06-24 05:08:00,15146.04
1998-06-24 05:09:00,15489.77
1998-06-24 05:10:00,15160.396
1998-06-24 05:11:00,14819.685
1998-06-24 05:12:00,14673.355
1998-06-24 05:13:00,14428.815
1998-06-24 05:14:00,14677.256
1998-06-24 05:15:00,14844.693
1998-06-24 05:16:00,15111.291
1998-06-24 05:17:00,15006.217
1998-06-24 05:18:00,14718.538
1998-06-24 05:19:00,14855.675
1998-06-24 05:20:00,14449.91
1998-06-24 05:21:00,14526.214
1998-06-24 05:22:00,15116.432
1998-06-24 05:23:00,15262.381
1998-06-24 05:24:00,14989.674
1998-06-24 05:25:00,15396.337
1998-06-24 05:26:00,15922.958
1998-06-24 05:27:00,16110.227
1998-06-24 05:28:00,16210.97
1998-06-24 05:29:00,16155.919
1998-06-24 05:30:00,16304.608
1998-06-24 05:31:00,15645.513
1998-06-24 05:32:00,15765.693
1998-06-24 05:33:00,15846.845
1998-06-24 05:34:00,15994.86
1998-06-24 05:35:00,16607.564
1998-06-24 05:36:00,16834.668
1998-06-24 05:37:00,17298.742
1998-06-24 05:38:00,17426.584
1998-06-24 05:39:00,17049.023
1998-06-24 05:40:00,16909.945
1998-06-24 05:41:00,16802.34
1998-06-24 05:42:00,16507.697
1998-06-24 05:43:00,16032.118
1998-06-24 05:44:00,15944.723
1998-06-24 05:45:00,15816.299
1998-06-24 05:46:00,16043.342
1998-06-24 05:47:00,16571.271
1998-06-24 05:48:00,16886.426
1998-06-24 05:49:00,16617.623
1998-06-24 05:50:00,16519.129
1998-06-24 05:51:00,16795.979
1998-06-24 05:52:00,16992.627
1998-06-24 05:53:00,17436.531
1998-06-24 05:54:00,16859.402
1998-06-24 05:55:00,17448.572
1998-06-24 05:56:00,17850.57
1998-06-24 05:57:00,17680.57
1998-06-24 05:58:00,17899.57
1998-06-24 05:59:00,17873.238
1998-06-24 06:00:00,18102.287
1998-06-24 06:01:00,18313.451
1998-06-24 06:02:00,18084.602
1998-06-24 06:03:00,18075.066
1998-06-24 06:04:00,18323.361
1998-06-24 06:05:00,18059.477
1998-06-24 06:06:00,17827.885
1998-06-24 06:07:00,17791.377
1998-06-24 06:08:00,18171.07
1998-06-24 06:09:00,18415.234
1998-06-24 06:10:00,18379.525
1998-06-24 06:11:00,18491.398
1998-06-24 06:12:00,17883.451
1998-06-24 06:13:00,17456.57
1998-06-24 06:14:00,17351.357
1998-06-24 06:15:00,17581.812
1998-06-24 06:16:00,18165.031
1998-06-24 06:17:00,18780.861
1998-06-24 06:18:00,19039.697
1998-06-24 06:19:00,18985.62
1998-06-24 06:20:00,18492.05
1998-06-24 06:21:00,18502.844
1998-06-24 06:22:00,18693.162
1998-06-24 06:23:00,18340.562
1998-06-24 06:24:00,18374.652
1998-06-24 06:25:00,18318.203
1998-06-24 06:26:00,18883.324
1998-06-24 06:27:00,18930.973
1998-06-24 06:28:00,17874.406
1998-06-24 06:29:00,18025.684
1998-06-24 06:30:00,18423.52
1998-06-24 06:31:00,18309.09
1998-06-24 06:32:00,18475.568
1998-06-24 06:33:00,18598.418
1998-06-24 06:34:00,18592.006
1998-06-24 06:35:00,19305.068
1998-06-24 06:36:00,19302.877
1998-06-24 06:37:00,19067.553
1998-06-24 06:38:00,18915.848
1998-06-24 06:39:00,18767.266
1998-06-24 06:40:00,19140.271
1998-06-24 06:41:00,19471.871
1998-06-24 06:42:00,19496.484
1998-06-24 06:43:00,18919.293
1998-06-24 06:44:00,19246.701
1998-06-24 06:45:00,19511.748
1998-06-24 06:46:00,19773.193
1998-06-24 06:47:00,20000.6
1998-06-24 06:48:00,19910.166
1998-06-24 06:49:00,19866.07
1998-06-24 06:50:00,20036.139
1998-06-24 06:51:00,20077.49
1998-06-24 06:52:00,20285.205
1998-06-24 06:53:00,19993.371
1998-06-24 06:54:00,19630.336
1998-06-24 06:55:00,19409.514
1998-06-24 06:56:00,18800.277
1998-06-24 06:57:00,18334.904
1998-06-24 06:58:00,18697.2
1998-06-24 06:59:00,18859.113
1998-06-24 07:00:00,19343.43
1998-06-24 07:01:00,19455.287
1998-06-24 07:02:00,19104.096
1998-06-24 07:03:00,19503.795
1998-06-24 07:04:00,19288.771
1998-06-24 07:05:00,19331.861
1998-06-24 07:06:00,19452.52
1998-06-24 07:07:00,19504.174
1998-06-24 07:08:00,19452.88
1998-06-24 07:09:00,18995.57
1998-06-24 07:10:00,18574.385
1998-06-24 07:11:00,18844.158
1998-06-24 07:12:00,18624.97
1998-06-24 07:13:00,19334.062
1998-06-24 07:14:00,19833.033
1998-06-24 07:15:00,20452.076
1998-06-24 07:16:00,20969.953
1998-06-24 07:17:00,20601.523
1998-06-24 07:18:00,20295.469
1998-06-24 07:19:00,20283.863
1998-06-24 07:20:00,20420.14
1998-06-24 07:21:00,20007.973
1998-06-24 07:22:00,19156.084
1998-06-24 07:23:00,18469.83
1998-06-24 07:24:00,18749.418
1998-06-24 07:25:00,18696.79
1998-06-24 07:26:00,18759.125
1998-06-24 07:27:00,18843.9
1998-06-24 07:28:00,19037.232
1998-06-24 07:29:00,19303.525
1998-06-24 07:30:00,19544.78
1998-06-24 07:31:00,19985.09
1998-06-24 07:32:00,20289.883
1998-06-24 07:33:00,20005.7
1998-06-24 07:34:00,19798.703
1998-06-24 07:35:00,19979.387
1998-06-24 07:36:00,20768.533
1998-06-24 07:37:00,20811.852
1998-06-24 07:38:00,19805.508
1998-06-24 07:39:00,19462.129
1998-06-24 07:40:00,19541.713
1998-06-24 07:41:00,18871.555
1998-06-24 07:42:00,19268.084
1998-06-24 07:43:00,19771.416
1998-06-24 07:44:00,19844.389
1998-06-24 07:45:00,19258.12
1998-06-24 07:46:00,19569.902
1998-06-24 07:47:00,19581.773
1998-06-24 07:48:00,20176.242
1998-06-24 07:49:00,20387.066
1998-06-24 07:50:00,20136.945
1998-06-24 07:51:00,19519.912
1998-06-24 07:52:00,19710.09
1998-06-24 07:53:00,19709.234
1998-06-24 07:54:00,19709.182
1998-06-24 07:55:00,19378.463
1998-06-24 07:56:00,19044.434
1998-06-24 07:57:00,18326.754
1998-06-24 07:58:00,18958.52
1998-06-24 07:59:00,19778.154
1998-06-24 08:00:00,20472.033
1998-06-24 08:01:00,20267.166
1998-06-24 08:02:00,20014.633
1998-06-24 08:03:00,19642.635
1998-06-24 08:04:00,19173.428
1998-06-24 08:05:00,19109.143
1998-06-24 08:06:00,19012.486
1998-06-24 08:07:00,18701.914
1998-06-24 08:08:00,18570.758
1998-06-24 08:09:00,18223.701
1998-06-24 08:10:00,18343.436
1998-06-24 08:11:00,18067.305
1998-06-24 08:12:00,18463.371
1998-06-24 08:13:00,19079.299
1998-06-24 08:14:00,19304.79
1998-06-24 08:15:00,19403.35
1998-06-24 08:16:00,19507.459
1998-06-24 08:17:00,19397.697
1998-06-24 08:18:00,19797.25
1998-06-24 08:19:00,19732.523
1998-06-24 08:20:00,19374.91
1998-06-24 08:21:00,18854.562
1998-06-24 08:22:00,18311.111
1998-06-24 08:23:00,17939.12
1998-06-24 08:24:00,17854.83
1998-06-24 08:25:00,17989.799
1998-06-24 08:26:00,18538.285
1998-06-24 08:27:00,19175.107
1998-06-24 08:28:00,19133.455
1998-06-24 08:29:00,19214.1
1998-06-24 08:30:00,19624.934
1998-06-24 08:31:00,19489.336
1998-06-24 08:32:00,18816.559
1998-06-24 08:33:00,18286.996
1998-06-24 08:34:00,18488.676
1998-06-24 08:35:00,18583.756
1998-06-24 08:36:00,18869.998
1998-06-24 08:37:00,18557.256
1998-06-24 08:38:00,18603.107
1998-06-24 08:39:00,18575.803
1998-06-24 08:40:00,18555.734
1998-06-24 08:41:00,18722.48
1998-06-24 08:42:00,18299.762
1998-06-24 08:43:00,18409.072
1998-06-24 08:44:00,18541.49
1998-06-24 08:45:00,19399.738
1998-06-24 08:46:00,20139.94
1998-06-24 08:47:00,20445.244
1998-06-24 08:48:00,20176.814
1998-06-24 08:49:00,19432.139
1998-06-24 08:50:00,18962.584
1998-06-24 08:51:00,18545.555
1998-06-24 08:52:00,17692.572
1998-06-24 08:53:00,17431.236
1998-06-24 08:54:00,17765.17
1998-06-24 08:55:00,18309.582
1998-06-24 08:56:00,18030.906
1998-06-24 08:57:00,17537.365
1998-06-24 08:58:00,17535.633
1998-06-24 08:59:00,17733.979
1998-06-24 09:00:00,17936.592
1998-06-24 09:01:00,18823.031
1998-06-24 09:02:00,18683.547
1998-06-24 09:03:00,18430.879
1998-06-24 09:04:00,18279.219
1998-06-24 09:05:00,18545.814
1998-06-24 09:06:00,18769.758
1998-06-24 09:07:00,19037.09
1998-06-24 09:08:00,18867.691
1998-06-24 09:09:00,18783.605
1998-06-24 09:10:00,18963.482
1998-06-24 09:11:00,18914.283
1998-06-24 09:12:00,18616.969
1998-06-24 09:13:00,18413.705
1998-06-24 09:14:00,18546.62
1998-06-24 09:15:00,18405.32
1998-06-24 09:16:00,17803.865
1998-06-24 09:17:00,17448.26
1998-06-24 09:18:00,17654.27
1998-06-24 09:19:00,17772.768
1998-06-24 09:20:00,17823.479
1998-06-24 09:21:00,17561.035
1998-06-24 09:22:00,17809.22
1998-06-24 09:23:00,17262.416
1998-06-24 09:24:00,16823.787
1998-06-24 09:25:00,16833.299
1998-06-24 09:26:00,17257.576
1998-06-24 09:27:00,17375.428
1998-06-24 09:28:00,17768.225
1998-06-24 09:29:00,17643.8
1998-06-24 09:30:00,17802.625
1998-06-24 09:31:00,17776.146
1998-06-24 09:32:00,17778.816
1998-06-24 09:33:00,17805.658
1998-06-24 09:34:00,18031.537
1998-06-24 09:35:00,17629.98
1998-06-24 09:36:00,17460.914
1998-06-24 09:37:00,17491.29
1998-06-24 09:38:00,17583.035
1998-06-24 09:39:00,17604.314
1998-06-24 09:40:00,18054.371
1998-06-24 09:41:00,17602.766
1998-06-24 09:42:00,16892.408
1998-06-24 09:43:00,16882.79
1998-06-24 09:44:00,16768.605
1998-06-24 09:45:00,16456.217
1998-06-24 09:46:00,16526.068
1998-06-24 09:47:00,16664.646
1998-06-24 09:48:00,16613.363
1998-06-24 09:49:00,17186.176
1998-06-24 09:50:00,17274.568
1998-06-24 09:51:00,16706.893
1998-06-24 09:52:00,16254.198
1998-06-24 09:53:00,16278.8545
1998-06-24 09:54:00,16182.626
1998-06-24 09:55:00,16525.115
1998-06-24 09:56:00,16518.25
1998-06-24 09:57:00,16528.521
1998-06-24 09:58:00,16314.301
1998-06-24 09:59:00,15944.27
1998-06-24 10:00:00,16079.502
1998-06-24 10:01:00,16374.297
1998-06-24 10:02:00,16694.508
1998-06-24 10:03:00,16727.406
1998-06-24 10:04:00,16449.588
1998-06-24 10:05:00,16519.486
1998-06-24 10:06:00,16886.48
1998-06-24 10:07:00,16860.055
1998-06-24 10:08:00,17011.402
1998-06-24 10:09:00,17066.271
1998-06-24 10:10:00,16797.102
1998-06-24 10:11:00,16958.775
1998-06-24 10:12:00,17335.092
1998-06-24 10:13:00,17064.123
1998-06-24 10:14:00,16938.588
1998-06-24 10:15:00,17227.178
1998-06-24 10:16:00,17419.639
1998-06-24 10:17:00,17398.111
1998-06-24 10:18:00,17468.912
1998-06-24 10:19:00,17529.314
1998-06-24 10:20:00,17717.916
1998-06-24 10:21:00,17449.025
1998-06-24 10:22:00,17685.887
1998-06-24 10:23:00,17419.248
1998-06-24 10:24:00,17195.143
1998-06-24 10:25:00,17520.266
1998-06-24 10:26:00,17858.441
1998-06-24 10:27:00,17729.05
1998-06-24 10:28:00,17663.68
1998-06-24 10:29:00,17925.475
1998-06-24 10:30:00,18057.113
1998-06-24 10:31:00,17620.748
1998-06-24 10:32:00,17173.922
1998-06-24 10:33:00,17209.133
1998-06-24 10:34:00,17911.572
1998-06-24 10:35:00,18417.99
1998-06-24 10:36:00,18555.762
1998-06-24 10:37:00,18104.49
1998-06-24 10:38:00,17605.812
1998-06-24 10:39:00,17501.738
1998-06-24 10:40:00,17422.12
1998-06-24 10:41:00,17503.844
1998-06-24 10:42:00,17869.4
1998-06-24 10:43:00,17487.898
1998-06-24 10:44:00,17274.76
1998-06-24 10:45:00,17018.504
1998-06-24 10:46:00,16524.803
1998-06-24 10:47:00,17476.068
1998-06-24 10:48:00,18757.73
1998-06-24 10:49:00,18918.17
1998-06-24 10:50:00,19162.627
1998-06-24 10:51:00,18555.402
1998-06-24 10:52:00,18466.543
1998-06-24 10:53:00,18070.584
1998-06-24 10:54:00,17718.617
1998-06-24 10:55:00,18350.709
1998-06-24 10:56:00,18578.445
1998-06-24 10:57:00,18433.75
1998-06-24 10:58:00,18061.676
1998-06-24 10:59:00,17600.564
1998-06-24 11:00:00,17696.379
1998-06-24 11:01:00,17486.951
1998-06-24 11:02:00,17163.994
1998-06-24 11:03:00,17009.61
1998-06-24 11:04:00,16813.879
1998-06-24 11:05:00,17791.396
1998-06-24 11:06:00,18421.94
1998-06-24 11:07:00,18185.506
1998-06-24 11:08:00,18425.174
1998-06-24 11:09:00,18694.447
1998-06-24 11:10:00,19099.854
1998-06-24 11:11:00,18812.7
1998-06-24 11:12:00,18235.162
1998-06-24 11:13:00,17786.582
1998-06-24 11:14:00,18425.332
1998-06-24 11:15:00,18718.057
1998-06-24 11:16:00,19116.469
1998-06-24 11:17:00,19709.29
1998-06-24 11:18:00,19519.635
1998-06-24 11:19:00,19163.201
1998-06-24 11:20:00,19164.264
1998-06-24 11:21:00,19205.904
1998-06-24 11:22:00,19292.2
1998-06-24 11:23:00,19251.45
1998-06-24 11:24:00,19117.547
1998-06-24 11:25:00,19202.217
1998-06-24 11:26:00,19313.387
1998-06-24 11:27:00,19562.598
1998-06-24 11:28:00,19704.715
1998-06-24 11:29:00,19528.283
1998-06-24 11:30:00,19422.258
1998-06-24 11:31:00,19454.557
1998-06-24 11:32:00,20024.756
1998-06-24 11:33:00,20171.58
1998-06-24 11:34:00,20130.016
1998-06-24 11:35:00,20170.953
1998-06-24 11:36:00,19691.854
1998-06-24 11:37:00,20045.885
1998-06-24 11:38:00,19550.457
1998-06-24 11:39:00,19467.424
1998-06-24 11:40:00,19398.29
1998-06-24 11:41:00,19719.129
1998-06-24 11:42:00,19296.676
1998-06-24 11:43:00,19703.062
1998-06-24 11:44:00,20103.496
1998-06-24 11:45:00,20217.451
1998-06-24 11:46:00,20487.582
1998-06-24 11:47:00,20672.99
1998-06-24 11:48:00,20295.1
1998-06-24 11:49:00,20707.014
1998-06-24 11:50:00,21166.59
1998-06-24 11:51:00,21507.172
1998-06-24 11:52:00,21411.82
1998-06-24 11:53:00,21151.914
1998-06-24 11:54:00,21350.072
1998-06-24 11:55:00,21003.309
1998-06-24 11:56:00,20923.266
1998-06-24 11:57:00,20647.207
1998-06-24 11:58:00,20969.297
1998-06-24 11:59:00,20931.875
1998-06-24 12:00:00,20764.572
1998-06-24 12:01:00,20806.26
1998-06-24 12:02:00,21029.537
1998-06-24 12:03:00,21070.652
1998-06-24 12:04:00,20790.027
1998-06-24 12:05:00,20945.365
1998-06-24 12:06:00,21083.902
1998-06-24 12:07:00,21396.64
1998-06-24 12:08:00,21824.57
1998-06-24 12:09:00,21970.031
1998-06-24 12:10:00,22193.498
1998-06-24 12:11:00,21809.361
1998-06-24 12:12:00,21469.055
1998-06-24 12:13:00,21643.559
1998-06-24 12:14:00,21772.242
1998-06-24 12:15:00,21259.115
1998-06-24 12:16:00,21110.297
1998-06-24 12:17:00,21502.791
1998-06-24 12:18:00,21549.832
1998-06-24 12:19:00,21836.828
1998-06-24 12:20:00,22544.713
1998-06-24 12:21:00,22375.736
1998-06-24 12:22:00,22539.959
1998-06-24 12:23:00,23394.17
1998-06-24 12:24:00,23465.35
1998-06-24 12:25:00,23030.754
1998-06-24 12:26:00,22512.129
1998-06-24 12:27:00,22846.365
1998-06-24 12:28:00,23154.648
1998-06-24 12:29:00,23724.36
1998-06-24 12:30:00,23848.135
1998-06-24 12:31:00,24045.701
1998-06-24 12:32:00,24077.646
1998-06-24 12:33:00,23584.21
1998-06-24 12:34:00,24124.098
1998-06-24 12:35:00,24217.217
1998-06-24 12:36:00,24451.926
1998-06-24 12:37:00,24875.607
1998-06-24 12:38:00,25154.969
1998-06-24 12:39:00,24936.375
1998-06-24 12:40:00,24918.84
1998-06-24 12:41:00,24299.361
1998-06-24 12:42:00,24160.375
1998-06-24 12:43:00,23939.623
1998-06-24 12:44:00,24559.098
1998-06-24 12:45:00,24581.955
1998-06-24 12:46:00,25157.383
1998-06-24 12:47:00,25946.975
1998-06-24 12:48:00,26169.81
1998-06-24 12:49:00,26384.627
1998-06-24 12:50:00,26100.738
1998-06-24 12:51:00,25834.814
1998-06-24 12:52:00,25500.414
1998-06-24 12:53:00,24283.434
1998-06-24 12:54:00,24150.033
1998-06-24 12:55:00,24827.906
1998-06-24 12:56:00,25548.037
1998-06-24 12:57:00,25936.658
1998-06-24 12:58:00,26979.248
1998-06-24 12:59:00,27249.98
1998-06-24 13:00:00,27046.283
1998-06-24 13:01:00,27404.346
1998-06-24 13:02:00,27828.51
1998-06-24 13:03:00,27136.078
1998-06-24 13:04:00,26334.945
1998-06-24 13:05:00,26389.125
1998-06-24 13:06:00,26577.021
1998-06-24 13:07:00,27411.166
1998-06-24 13:08:00,28095.64
1998-06-24 13:09:00,27352.01
1998-06-24 13:10:00,27062.91
1998-06-24 13:11:00,27111.566
1998-06-24 13:12:00,27562.352
1998-06-24 13:13:00,27883.105
1998-06-24 13:14:00,28839.34
1998-06-24 13:15:00,29386.254
1998-06-24 13:16:00,29369.941
1998-06-24 13:17:00,28980.033
1998-06-24 13:18:00,29047.52
1998-06-24 13:19:00,28583.752
1998-06-24 13:20:00,28714.059
1998-06-24 13:21:00,28944.465
1998-06-24 13:22:00,29430.822
1998-06-24 13:23:00,30048.562
1998-06-24 13:24:00,29638.586
1998-06-24 13:25:00,29772.475
1998-06-24 13:26:00,30542.506
1998-06-24 13:27:00,30378.08
1998-06-24 13:28:00,29953.494
1998-06-24 13:29:00,29638.053
1998-06-24 13:30:00,29478.723
1998-06-24 13:31:00,29352.107
1998-06-24 13:32:00,29414.406
1998-06-24 13:33:00,29800.951
1998-06-24 13:34:00,30001.049
1998-06-24 13:35:00,30170.43
1998-06-24 13:36:00,29793.77
1998-06-24 13:37:00,29892.879
1998-06-24 13:38:00,29684.154
1998-06-24 13:39:00,29701.969
1998-06-24 13:40:00,30723.643
1998-06-24 13:41:00,30777.89
1998-06-24 13:42:00,30591.967
1998-06-24 13:43:00,31018.24
1998-06-24 13:44:00,31450.9
1998-06-24 13:45:00,30702.803
1998-06-24 13:46:00,31280.787
1998-06-24 13:47:00,32481.13
1998-06-24 13:48:00,32720.525
1998-06-24 13:49:00,32295.207
1998-06-24 13:50:00,31986.887
1998-06-24 13:51:00,32837.39
1998-06-24 13:52:00,33189.06
1998-06-24 13:53:00,34670.78
1998-06-24 13:54:00,35274.098
1998-06-24 13:55:00,35356.54
1998-06-24 13:56:00,36500.715
1998-06-24 13:57:00,37938.4
1998-06-24 13:58:00,38685.984
1998-06-24 13:59:00,39552.332
1998-06-24 14:00:00,42724.58
1998-06-24 14:01:00,45877.402
1998-06-24 14:02:00,49710.62
1998-06-24 14:03:00,52008.14
1998-06-24 14:04:00,55688.777
1998-06-24 14:05:00,57830.4
1998-06-24 14:06:00,60694.81
1998-06-24 14:07:00,62958.81
1998-06-24 14:08:00,64299.344
1998-06-24 14:09:00,66075.95
1998-06-24 14:10:00,67388.89
1998-06-24 14:11:00,68163.305
1998-06-24 14:12:00,70227.445
1998-06-24 14:13:00,73440.03
1998-06-24 14:14:00,75670.69
1998-06-24 14:15:00,76839.64
1998-06-24 14:16:00,78518.055
1998-06-24 14:17:00,79909.88
1998-06-24 14:18:00,79539.28
1998-06-24 14:19:00,81176.305
1998-06-24 14:20:00,81949.37
1998-06-24 14:21:00,83539.24
1998-06-24 14:22:00,86278.24
1998-06-24 14:23:00,88205.875
1998-06-24 14:24:00,92404.445
1998-06-24 14:25:00,92683.336
1998-06-24 14:26:00,93147.21
1998-06-24 14:27:00,92464.266
1998-06-24 14:28:00,92018.67
1998-06-24 14:29:00,93284.29
1998-06-24 14:30:00,94351.39
1998-06-24 14:31:00,94861.73
1998-06-24 14:32:00,92535.89
1998-06-24 14:33:00,92238.18
1998-06-24 14:34:00,92287.555
1998-06-24 14:35:00,92525.9
1998-06-24 14:36:00,92524.91
1998-06-24 14:37:00,95100.76
1998-06-24 14:38:00,96589.445
1998-06-24 14:39:00,95771.02
1998-06-24 14:40:00,95074.34
1998-06-24 14:41:00,96172.73
1998-06-24 14:42:00,99856.65
1998-06-24 14:43:00,102431.72
1998-06-24 14:44:00,104445.1
1998-06-24 14:45:00,104976.4
1998-06-24 14:46:00,105296.61
1998-06-24 14:47:00,107102.766
1998-06-24 14:48:00,106133.67
1998-06-24 14:49:00,106896.29
1998-06-24 14:50:00,107366.53
1998-06-24 14:51:00,106831.68
1998-06-24 14:52:00,106403.555
1998-06-24 14:53:00,107543.46
1998-06-24 14:54:00,106586.56
1998-06-24 14:55:00,105499.266
1998-06-24 14:56:00,105100.93
1998-06-24 14:57:00,103126.34
1998-06-24 14:58:00,100248.766
1998-06-24 14:59:00,98616.984
1998-06-24 15:00:00,97680.125
1998-06-24 15:01:00,97226.336
1998-06-24 15:02:00,96275.16
1998-06-24 15:03:00,99189.08
1998-06-24 15:04:00,101869.76
1998-06-24 15:05:00,100812.28
1998-06-24 15:06:00,98645.07
1998-06-24 15:07:00,98225.35
1998-06-24 15:08:00,98954.18
1998-06-24 15:09:00,98277.56
1998-06-24 15:10:00,98974.42
1998-06-24 15:11:00,99057.19
1998-06-24 15:12:00,97255.1
1998-06-24 15:13:00,98977.4
1998-06-24 15:14:00,101137.06
1998-06-24 15:15:00,104284.02
1998-06-24 15:16:00,108275.93
1998-06-24 15:17:00,107528.805
1998-06-24 15:18:00,104953.98
1998-06-24 15:19:00,102996.29
1998-06-24 15:20:00,101713.28
1998-06-24 15:21:00,102499.55
1998-06-24 15:22:00,103628.914
1998-06-24 15:23:00,104217.53
1998-06-24 15:24:00,104771.59
1998-06-24 15:25:00,105772.31
1998-06-24 15:26:00,106849.016
1998-06-24 15:27:00,108267.2
1998-06-24 15:28:00,105649.05
1998-06-24 15:29:00,104247.83
1998-06-24 15:30:00,106172.79
1998-06-24 15:31:00,106211.17
1998-06-24 15:32:00,108224.234
1998-06-24 15:33:00,108669.31
1998-06-24 15:34:00,109591.43
1998-06-24 15:35:00,107691.984
1998-06-24 15:36:00,109489.39
1998-06-24 15:37:00,111480.31
1998-06-24 15:38:00,110525.65
1998-06-24 15:39:00,110421.375
1998-06-24 15:40:00,112689.55
1998-06-24 15:41:00,112773.055
1998-06-24 15:42:00,110855.836
1998-06-24 15:43:00,108394.49
1998-06-24 15:44:00,107566.96
1998-06-24 15:45:00,109133.31
1998-06-24 15:46:00,113551.6
1998-06-24 15:47:00,117223.64
1998-06-24 15:48:00,116325.266
1998-06-24 15:49:00,115354.99
1998-06-24 15:50:00,116833.445
1998-06-24 15:51:00,117445.86
1998-06-24 15:52:00,114020.52
1998-06-24 15:53:00,113702.62
1998-06-24 15:54:00,114358.8
1998-06-24 15:55:00,118078.77
1998-06-24 15:56:00,122593.984
1998-06-24 15:57:00,127311.54
1998-06-24 15:58:00,125869.414
1998-06-24 15:59:00,128586.516
1998-06-24 16:00:00,130982.62
1998-06-24 16:01:00,132276.81
1998-06-24 16:02:00,131104.81
1998-06-24 16:03:00,126411.3
1998-06-24 16:04:00,119910.58
1998-06-24 16:05:00,116242.04
1998-06-24 16:06:00,116043.445
1998-06-24 16:07:00,114617.664
1998-06-24 16:08:00,115116.19
1998-06-24 16:09:00,110210.484
1998-06-24 16:10:00,104219.03
1998-06-24 16:11:00,97731.8
1998-06-24 16:12:00,90711.2
1998-06-24 16:13:00,86550.39
1998-06-24 16:14:00,80667.19
1998-06-24 16:15:00,77997.78
1998-06-24 16:16:00,76765.78
1998-06-24 16:17:00,79443.125
1998-06-24 16:18:00,79243.32
1998-06-24 16:19:00,77263.55
1998-06-24 16:20:00,72835.84
1998-06-24 16:21:00,66583.09
1998-06-24 16:22:00,65731.9
1998-06-24 16:23:00,64748.562
1998-06-24 16:24:00,63292.793
1998-06-24 16:25:00,61984.23
1998-06-24 16:26:00,61432.16
1998-06-24 16:27:00,60476.816
1998-06-24 16:28:00,58800.027
1998-06-24 16:29:00,57619.527
1998-06-24 16:30:00,56636.81
1998-06-24 16:31:00,55818.004
1998-06-24 16:32:00,55348.297
1998-06-24 16:33:00,53539.285
1998-06-24 16:34:00,52883.95
1998-06-24 16:35:00,51433.516
1998-06-24 16:36:00,51183.84
1998-06-24 16:37:00,51319.324
1998-06-24 16:38:00,50819.613
1998-06-24 16:39:00,48662.734
1998-06-24 16:40:00,47631.23
1998-06-24 16:41:00,46699.465
1998-06-24 16:42:00,45768.99
1998-06-24 16:43:00,45773.4
1998-06-24 16:44:00,46407.926
1998-06-24 16:45:00,45775.902
1998-06-24 16:46:00,44694.574
1998-06-24 16:47:00,44410.137
1998-06-24 16:48:00,43499.35
1998-06-24 16:49:00,42048.293
1998-06-24 16:50:00,41143.816
1998-06-24 16:51:00,41138.72
1998-06-24 16:52:00,41620.965
1998-06-24 16:53:00,43078.234
1998-06-24 16:54:00,42933.5
1998-06-24 16:55:00,42073.37
1998-06-24 16:56:00,41799.402
1998-06-24 16:57:00,41536.996
1998-06-24 16:58:00,41259.016
1998-06-24 16:59:00,41521.4
1998-06-24 17:00:00,42233.016
1998-06-24 17:01:00,42062.363
1998-06-24 17:02:00,39771.953
1998-06-24 17:03:00,39151.32
1998-06-24 17:04:00,39468.957
1998-06-24 17:05:00,40472.027
1998-06-24 17:06:00,41070.727
1998-06-24 17:07:00,40441.03
1998-06-24 17:08:00,39639.234
1998-06-24 17:09:00,39362.855
1998-06-24 17:10:00,37888.49
1998-06-24 17:11:00,37003.86
1998-06-24 17:12:00,37412.68
1998-06-24 17:13:00,37434.96
1998-06-24 17:14:00,36952.17
1998-06-24 17:15:00,37473.36
1998-06-24 17:16:00,36134.44
1998-06-24 17:17:00,35452.863
1998-06-24 17:18:00,35742.8
1998-06-24 17:19:00,35961.152
1998-06-24 17:20:00,35342.168
1998-06-24 17:21:00,34664.473
1998-06-24 17:22:00,34223.74
1998-06-24 17:23:00,35259.957
1998-06-24 17:24:00,35581.117
1998-06-24 17:25:00,34862.418
1998-06-24 17:26:00,34864.84
1998-06-24 17:27:00,34753.4
1998-06-24 17:28:00,34377.88
1998-06-24 17:29:00,33397.08
1998-06-24 17:30:00,33527.473
1998-06-24 17:31:00,34459.625
1998-06-24 17:32:00,35260.305
1998-06-24 17:33:00,34844.24
1998-06-24 17:34:00,34283.477
1998-06-24 17:35:00,33440.426
1998-06-24 17:36:00,32097.86
1998-06-24 17:37:00,32235.215
1998-06-24 17:38:00,32814.504
1998-06-24 17:39:00,32271.607
1998-06-24 17:40:00,32437.893
1998-06-24 17:41:00,32525.375
1998-06-24 17:42:00,32237.156
1998-06-24 17:43:00,31986.363
1998-06-24 17:44:00,31783.795
1998-06-24 17:45:00,32800.215
1998-06-24 17:46:00,33014.934
1998-06-24 17:47:00,32426.59
1998-06-24 17:48:00,31860.441
1998-06-24 17:49:00,30781.445
1998-06-24 17:50:00,30659.092
1998-06-24 17:51:00,30874.709
1998-06-24 17:52:00,30423.531
1998-06-24 17:53:00,30056.504
1998-06-24 17:54:00,29909.656
1998-06-24 17:55:00,29367.982
1998-06-24 17:56:00,29271.88
1998-06-24 17:57:00,30164.773
1998-06-24 17:58:00,30910.562
1998-06-24 17:59:00,31023.473
1998-06-24 18:00:00,30806.352
1998-06-24 18:01:00,30758.557
1998-06-24 18:02:00,29482.584
1998-06-24 18:03:00,29370.822
1998-06-24 18:04:00,30203.377
1998-06-24 18:05:00,30351.201
1998-06-24 18:06:00,30697.947
1998-06-24 18:07:00,30426.068
1998-06-24 18:08:00,31193.307
1998-06-24 18:09:00,31376.889
1998-06-24 18:10:00,30814.951
1998-06-24 18:11:00,29659.64
1998-06-24 18:12:00,28839.041
1998-06-24 18:13:00,28563.354
1998-06-24 18:14:00,28772.422
1998-06-24 18:15:00,29536.576
1998-06-24 18:16:00,30253.129
1998-06-24 18:17:00,30962.07
1998-06-24 18:18:00,31365.812
1998-06-24 18:19:00,30755.967
1998-06-24 18:20:00,30601.271
1998-06-24 18:21:00,29648.215
1998-06-24 18:22:00,28605.693
1998-06-24 18:23:00,27830.973
1998-06-24 18:24:00,27853.764
1998-06-24 18:25:00,28796.732
1998-06-24 18:26:00,28682.938
1998-06-24 18:27:00,28069.023
1998-06-24 18:28:00,27969.473
1998-06-24 18:29:00,28382.082
1998-06-24 18:30:00,28597.803
1998-06-24 18:31:00,29310.127
1998-06-24 18:32:00,29248.76
1998-06-24 18:33:00,29552.535
1998-06-24 18:34:00,28914.193
1998-06-24 18:35:00,29669.547
1998-06-24 18:36:00,29376.986
1998-06-24 18:37:00,28608.875
1998-06-24 18:38:00,28846.775
1998-06-24 18:39:00,28209.992
1998-06-24 18:40:00,27560.281
1998-06-24 18:41:00,27573.535
1998-06-24 18:42:00,27788.633
1998-06-24 18:43:00,28312.107
1998-06-24 18:44:00,28344.547
1998-06-24 18:45:00,27900.207
1998-06-24 18:46:00,28410.338
1998-06-24 18:47:00,29003.121
1998-06-24 18:48:00,29147.396
1998-06-24 18:49:00,29275.361
1998-06-24 18:50:00,29372.5
1998-06-24 18:51:00,29408.406
1998-06-24 18:52:00,28595.906
1998-06-24 18:53:00,28634.104
1998-06-24 18:54:00,29497.139
1998-06-24 18:55:00,30243.783
1998-06-24 18:56:00,30094.03
1998-06-24 18:57:00,29795.057
1998-06-24 18:58:00,29296.287
1998-06-24 18:59:00,30183.992
1998-06-24 19:00:00,30919.734
1998-06-24 19:01:00,31662.123
1998-06-24 19:02:00,32087.113
1998-06-24 19:03:00,32739.4
1998-06-24 19:04:00,34011.098
1998-06-24 19:05:00,35239.63
1998-06-24 19:06:00,36920.45
1998-06-24 19:07:00,37051.293
1998-06-24 19:08:00,37714.305
1998-06-24 19:09:00,39254.81
1998-06-24 19:10:00,40368.07
1998-06-24 19:11:00,41255.027
1998-06-24 19:12:00,41497.86
1998-06-24 19:13:00,43092.324
1998-06-24 19:14:00,43598.402
1998-06-24 19:15:00,43008.58
1998-06-24 19:16:00,42522.66
1998-06-24 19:17:00,43001.312
1998-06-24 19:18:00,44514.1
1998-06-24 19:19:00,46531.168
1998-06-24 19:20:00,47937.223
1998-06-24 19:21:00,47573.55
1998-06-24 19:22:00,47748.152
1998-06-24 19:23:00,47717.62
1998-06-24 19:24:00,47136.902
1998-06-24 19:25:00,47899.715
1998-06-24 19:26:00,48052.637
1998-06-24 19:27:00,47863.04
1998-06-24 19:28:00,48372.88
1998-06-24 19:29:00,47499.48
1998-06-24 19:30:00,48895.19
1998-06-24 19:31:00,49371.723
1998-06-24 19:32:00,50355.684
1998-06-24 19:33:00,50779.16
1998-06-24 19:34:00,49532.61
1998-06-24 19:35:00,51288.434
1998-06-24 19:36:00,51266.082
1998-06-24 19:37:00,50354.883
1998-06-24 19:38:00,50404.78
1998-06-24 19:39:00,49901.05
1998-06-24 19:40:00,49953.043
1998-06-24 19:41:00,49409.57
1998-06-24 19:42:00,48024.043
1998-06-24 19:43:00,47855.098
1998-06-24 19:44:00,48516.59
1998-06-24 19:45:00,49695.008
1998-06-24 19:46:00,49938.125
1998-06-24 19:47:00,49052.664
1998-06-24 19:48:00,48592.473
1998-06-24 19:49:00,49804.3
1998-06-24 19:50:00,52176.586
1998-06-24 19:51:00,53859.016
1998-06-24 19:52:00,54009.906
1998-06-24 19:53:00,53719.145
1998-06-24 19:54:00,53936.555
1998-06-24 19:55:00,55034.523
1998-06-24 19:56:00,53774.07
1998-06-24 19:57:00,52783.684
1998-06-24 19:58:00,51785.4
1998-06-24 19:59:00,50695.207
1998-06-24 20:00:00,49929.57
1998-06-24 20:01:00,49333.6
1998-06-24 20:02:00,50254.324
1998-06-24 20:03:00,50320.31
1998-06-24 20:04:00,49968.824
1998-06-24 20:05:00,47669.254
1998-06-24 20:06:00,47412.598
1998-06-24 20:07:00,47858.273
1998-06-24 20:08:00,48502.145
1998-06-24 20:09:00,50684.445
1998-06-24 20:10:00,51530.805
1998-06-24 20:11:00,51846.0
1998-06-24 20:12:00,53309.816
1998-06-24 20:13:00,54440.61
1998-06-24 20:14:00,55263.19
1998-06-24 20:15:00,56804.652
1998-06-24 20:16:00,55986.996
1998-06-24 20:17:00,56758.125
1998-06-24 20:18:00,58698.59
1998-06-24 20:19:00,60221.414
1998-06-24 20:20:00,59129.918
1998-06-24 20:21:00,58996.504
1998-06-24 20:22:00,57714.457
1998-06-24 20:23:00,56806.54
1998-06-24 20:24:00,58555.035
1998-06-24 20:25:00,60971.258
1998-06-24 20:26:00,59711.84
1998-06-24 20:27:00,60902.75
1998-06-24 20:28:00,60254.69
1998-06-24 20:29:00,59529.11
1998-06-24 20:30:00,59401.047
1998-06-24 20:31:00,59061.31
1998-06-24 20:32:00,58571.812
1998-06-24 20:33:00,59896.777
1998-06-24 20:34:00,59594.52
1998-06-24 20:35:00,61508.875
1998-06-24 20:36:00,61711.484
1998-06-24 20:37:00,62217.902
1998-06-24 20:38:00,63059.855
1998-06-24 20:39:00,65991.12
1998-06-24 20:40:00,67622.72
1998-06-24 20:41:00,68172.58
1998-06-24 20:42:00,68372.86
1998-06-24 20:43:00,70636.414
1998-06-24 20:44:00,72425.695
1998-06-24 20:45:00,72653.055
1998-06-24 20:46:00,73409.13
1998-06-24 20:47:00,75125.56
1998-06-24 20:48:00,76258.31
1998-06-24 20:49:00,77288.47
1998-06-24 20:50:00,79515.44
1998-06-24 20:51:00,81936.81
1998-06-24 20:52:00,83856.75
1998-06-24 20:53:00,88346.05
1998-06-24 20:54:00,92704.23
1998-06-24 20:55:00,97418.78
1998-06-24 20:56:00,101073.055
1998-06-24 20:57:00,101798.51
1998-06-24 20:58:00,96731.195
1998-06-24 20:59:00,89692.73
1998-06-24 21:00:00,81774.0
1998-06-24 21:01:00,75191.695
1998-06-24 21:02:00,70410.92
1998-06-24 21:03:00,66938.53
1998-06-24 21:04:00,66030.05
1998-06-24 21:05:00,64834.113
1998-06-24 21:06:00,63941.832
1998-06-24 21:07:00,62278.383
1998-06-24 21:08:00,60881.56
1998-06-24 21:09:00,60914.004
1998-06-24 21:10:00,59467.98
1998-06-24 21:11:00,56285.863
1998-06-24 21:12:00,52240.51
1998-06-24 21:13:00,50004.91
1998-06-24 21:14:00,47296.082
1998-06-24 21:15:00,45304.89
1998-06-24 21:16:00,45224.816
1998-06-24 21:17:00,45285.05
1998-06-24 21:18:00,44312.938
1998-06-24 21:19:00,42639.652
1998-06-24 21:20:00,41960.473
1998-06-24 21:21:00,41228.883
1998-06-24 21:22:00,40830.75
1998-06-24 21:23:00,40124.53
1998-06-24 21:24:00,39778.805
1998-06-24 21:25:00,40292.445
1998-06-24 21:26:00,39221.05
1998-06-24 21:27:00,38704.547
1998-06-24 21:28:00,37972.754
1998-06-24 21:29:00,36945.08
1998-06-24 21:30:00,36381.664
1998-06-24 21:31:00,36547.734
1998-06-24 21:32:00,37042.152
1998-06-24 21:33:00,36157.547
1998-06-24 21:34:00,34997.414
1998-06-24 21:35:00,34205.438
1998-06-24 21:36:00,32812.094
1998-06-24 21:37:00,32215.516
1998-06-24 21:38:00,32888.566
1998-06-24 21:39:00,32846.25
1998-06-24 21:40:00,32626.602
1998-06-24 21:41:00,32222.705
1998-06-24 21:42:00,31526.928
1998-06-24 21:43:00,31373.156
1998-06-24 21:44:00,30303.28
1998-06-24 21:45:00,30213.38
1998-06-24 21:46:00,29897.545
1998-06-24 21:47:00,30367.676
1998-06-24 21:48:00,31251.086
1998-06-24 21:49:00,30718.54
1998-06-24 21:50:00,30201.871
1998-06-24 21:51:00,31070.08
1998-06-24 21:52:00,31207.242
1998-06-24 21:53:00,30567.812
1998-06-24 21:54:00,29969.16
1998-06-24 21:55:00,30101.932
1998-06-24 21:56:00,29505.578
1998-06-24 21:57:00,28727.338
1998-06-24 21:58:00,28451.703
1998-06-24 21:59:00,29033.86
1998-06-24 22:00:00,27720.62
1998-06-24 22:01:00,27267.121
1998-06-24 22:02:00,29634.057
1998-06-24 22:03:00,29688.8
1998-06-24 22:04:00,29431.738
1998-06-24 22:05:00,28781.688
1998-06-24 22:06:00,28683.576
1998-06-24 22:07:00,28523.154
1998-06-24 22:08:00,27462.918
1998-06-24 22:09:00,26033.127
1998-06-24 22:10:00,26039.682
1998-06-24 22:11:00,25792.29
1998-06-24 22:12:00,25530.117
1998-06-24 22:13:00,24905.447
1998-06-24 22:14:00,24373.043
1998-06-24 22:15:00,24355.697
1998-06-24 22:16:00,24195.58
1998-06-24 22:17:00,23685.4
1998-06-24 22:18:00,23352.61
1998-06-24 22:19:00,24243.895
1998-06-24 22:20:00,24776.49
1998-06-24 22:21:00,25144.826
1998-06-24 22:22:00,25319.54
1998-06-24 22:23:00,24978.352
1998-06-24 22:24:00,24439.613
1998-06-24 22:25:00,24989.475
1998-06-24 22:26:00,25099.207
1998-06-24 22:27:00,25614.111
1998-06-24 22:28:00,25390.605
1998-06-24 22:29:00,24238.082
1998-06-24 22:30:00,23928.979
1998-06-24 22:31:00,23448.426
1998-06-24 22:32:00,23014.328
1998-06-24 22:33:00,23457.545
1998-06-24 22:34:00,23968.14
1998-06-24 22:35:00,23594.146
1998-06-24 22:36:00,24005.525
1998-06-24 22:37:00,24396.812
1998-06-24 22:38:00,23986.553
1998-06-24 22:39:00,24263.566
1998-06-24 22:40:00,24055.332
1998-06-24 22:41:00,24180.84
1998-06-24 22:42:00,25202.943
1998-06-24 22:43:00,24411.512
1998-06-24 22:44:00,24154.418
1998-06-24 22:45:00,23069.775
1998-06-24 22:46:00,22782.941
1998-06-24 22:47:00,22676.307
1998-06-24 22:48:00,22360.084
1998-06-24 22:49:00,22183.195
1998-06-24 22:50:00,22242.963
1998-06-24 22:51:00,22390.137
1998-06-24 22:52:00,21730.242
1998-06-24 22:53:00,22156.875
1998-06-24 22:54:00,22236.426
1998-06-24 22:55:00,21533.496
1998-06-24 22:56:00,21376.494
1998-06-24 22:57:00,21547.676
1998-06-24 22:58:00,22431.172
1998-06-24 22:59:00,22621.887
1998-06-24 23:00:00,23493.572
1998-06-24 23:01:00,23585.564
1998-06-24 23:02:00,23059.213
1998-06-24 23:03:00,22122.332
1998-06-24 23:04:00,21693.71
1998-06-24 23:05:00,21293.488
1998-06-24 23:06:00,21313.879
1998-06-24 23:07:00,20933.566
1998-06-24 23:08:00,20664.74
1998-06-24 23:09:00,20908.33
1998-06-24 23:10:00,20899.564
1998-06-24 23:11:00,20464.469
1998-06-24 23:12:00,19917.182
1998-06-24 23:13:00,19321.643
1998-06-24 23:14:00,20142.729
1998-06-24 23:15:00,20478.605
1998-06-24 23:16:00,20841.066
1998-06-24 23:17:00,20953.895
1998-06-24 23:18:00,21294.842
1998-06-24 23:19:00,21560.057
1998-06-24 23:20:00,21859.44
1998-06-24 23:21:00,21755.174
1998-06-24 23:22:00,21784.621
1998-06-24 23:23:00,21711.46
1998-06-24 23:24:00,21306.896
1998-06-24 23:25:00,20820.242
1998-06-24 23:26:00,20533.791
1998-06-24 23:27:00,20710.652
1998-06-24 23:28:00,20644.143
1998-06-24 23:29:00,20447.762
1998-06-24 23:30:00,20544.652
1998-06-24 23:31:00,20652.379
1998-06-24 23:32:00,20735.629
1998-06-24 23:33:00,20805.598
1998-06-24 23:34:00,21121.727
1998-06-24 23:35:00,21449.875
1998-06-24 23:36:00,21129.938
1998-06-24 23:37:00,20525.277
1998-06-24 23:38:00,20551.559
1998-06-24 23:39:00,20316.354
1998-06-24 23:40:00,20433.639
1998-06-24 23:41:00,20753.797
1998-06-24 23:42:00,20686.092
1998-06-24 23:43:00,20282.57
1998-06-24 23:44:00,20529.764
1998-06-24 23:45:00,21119.816
1998-06-24 23:46:00,21694.672
1998-06-24 23:47:00,21553.727
1998-06-24 23:48:00,21436.1
1998-06-24 23:49:00,21050.37
1998-06-24 23:50:00,20398.984
1998-06-24 23:51:00,20187.812
1998-06-24 23:52:00,20570.188
1998-06-24 23:53:00,20825.771
1998-06-24 23:54:00,20725.793
1998-06-24 23:55:00,20297.482
1998-06-24 23:56:00,19813.906
1998-06-24 23:57:00,19876.92
1998-06-24 23:58:00,19930.156
